package_type,package_date
ADAM,2014-09-26
ADAM,2015-12-18
ADAM,2016-03-25
ADAM,2016-09-30
ADAM,2016-12-16
ADAM,2017-03-31
ADAM,2017-09-29
ADAM,2018-12-21
ADAM,2019-03-29
ADAM,2019-12-20
ADAM,2020-03-27
ADAM,2020-06-26
ADAM,2020-11-06
ADAM,2021-12-17
ADAM,2022-06-24
ADAM,2023-03-31
ADAM,2023-06-30
ADAM,2024-03-29
ADAM,2024-09-27
ADAM,2025-03-28
ADAM,2025-09-26
ADAM,2026-03-27
CDASH,2014-09-26
CDASH,2015-03-27
CDASH,2016-03-25
CDASH,2016-09-30
CDASH,2016-12-16
CDASH,2017-09-29
CDASH,2018-03-30
CDASH,2018-06-29
CDASH,2018-09-28
CDASH,2018-12-21
CDASH,2019-03-29
CDASH,2019-06-28
CDASH,2019-12-20
CDASH,2020-11-06
CDASH,2020-12-18
CDASH,2021-03-26
CDASH,2021-06-25
CDASH,2021-09-24
CDASH,2021-12-17
CDASH,2022-06-24
CDASH,2022-09-30
CDASH,2022-12-16
CDASH,2024-09-27
CDASH,2025-03-28
CDASH,2026-03-27
COA,2014-12-19
COA,2015-03-27
DDF,2022-09-30
DDF,2022-12-16
DDF,2023-03-31
DDF,2023-06-30
DDF,2023-09-29
DDF,2023-12-15
DDF,2024-03-29
DDF,2024-09-27
DDF,2025-09-26
DDF,2026-03-27
DEFINE-XML,2019-12-20
DEFINE-XML,2020-03-27
DEFINE-XML,2020-06-26
DEFINE-XML,2020-11-06
DEFINE-XML,2020-12-18
DEFINE-XML,2021-03-26
DEFINE-XML,2021-06-25
DEFINE-XML,2021-09-24
DEFINE-XML,2021-12-17
DEFINE-XML,2022-09-30
DEFINE-XML,2022-12-16
DEFINE-XML,2023-06-30
DEFINE-XML,2023-12-15
DEFINE-XML,2024-03-29
DEFINE-XML,2024-09-27
DEFINE-XML,2025-03-28
DEFINE-XML,2025-09-26
DEFINE-XML,2026-03-27
GLOSSARY,2020-12-18
GLOSSARY,2021-12-17
GLOSSARY,2022-12-16
GLOSSARY,2023-12-15
GLOSSARY,2024-09-27
GLOSSARY,2025-09-26
MRCT,2024-03-29
MRCT,2024-09-27
MRCT,2025-09-26
PROTOCOL,2017-03-31
PROTOCOL,2017-06-30
PROTOCOL,2017-09-29
PROTOCOL,2018-03-30
PROTOCOL,2018-06-29
PROTOCOL,2018-09-28
PROTOCOL,2019-03-29
PROTOCOL,2019-06-28
PROTOCOL,2019-09-27
PROTOCOL,2019-12-20
PROTOCOL,2020-03-27
PROTOCOL,2020-06-26
PROTOCOL,2020-11-06
PROTOCOL,2020-12-18
PROTOCOL,2021-03-26
PROTOCOL,2021-06-25
PROTOCOL,2021-09-24
PROTOCOL,2021-12-17
PROTOCOL,2022-03-25
PROTOCOL,2022-06-24
PROTOCOL,2022-09-30
PROTOCOL,2022-12-16
PROTOCOL,2023-03-31
PROTOCOL,2023-06-30
PROTOCOL,2023-09-29
PROTOCOL,2023-12-15
PROTOCOL,2024-03-29
PROTOCOL,2024-09-27
PROTOCOL,2025-03-28
PROTOCOL,2025-09-26
QRS,2015-06-26
QRS,2015-09-25
QS-FT,2014-09-26
SDTM,2014-09-26
SDTM,2014-12-19
SDTM,2015-03-27
SDTM,2015-06-26
SDTM,2015-09-25
SDTM,2015-12-18
SDTM,2016-03-25
SDTM,2016-06-24
SDTM,2016-09-30
SDTM,2016-12-16
SDTM,2017-03-31
SDTM,2017-06-30
SDTM,2017-09-29
SDTM,2017-12-22
SDTM,2018-03-30
SDTM,2018-06-29
SDTM,2018-09-28
SDTM,2018-12-21
SDTM,2019-03-29
SDTM,2019-06-28
SDTM,2019-09-27
SDTM,2019-12-20
SDTM,2020-03-27
SDTM,2020-06-26
SDTM,2020-11-06
SDTM,2020-12-18
SDTM,2021-03-26
SDTM,2021-06-25
SDTM,2021-09-24
SDTM,2021-12-17
SDTM,2022-03-25
SDTM,2022-06-24
SDTM,2022-09-30
SDTM,2022-12-16
SDTM,2023-03-31
SDTM,2023-06-30
SDTM,2023-09-29
SDTM,2023-12-15
SDTM,2024-03-29
SDTM,2024-09-27
SDTM,2025-03-28
SDTM,2025-09-26
SDTM,2026-03-27
SEND,2014-09-26
SEND,2014-12-19
SEND,2015-03-27
SEND,2015-06-26
SEND,2015-09-25
SEND,2015-12-18
SEND,2016-03-25
SEND,2016-06-24
SEND,2016-09-30
SEND,2016-12-16
SEND,2017-03-31
SEND,2017-06-30
SEND,2017-09-29
SEND,2017-12-22
SEND,2018-03-30
SEND,2018-06-29
SEND,2018-09-28
SEND,2018-12-21
SEND,2019-03-29
SEND,2019-06-28
SEND,2019-09-27
SEND,2019-12-20
SEND,2020-03-27
SEND,2020-06-26
SEND,2020-11-06
SEND,2020-12-18
SEND,2021-03-26
SEND,2021-06-25
SEND,2021-09-24
SEND,2021-12-17
SEND,2022-03-25
SEND,2022-06-24
SEND,2022-09-30
SEND,2022-12-16
SEND,2023-03-31
SEND,2023-06-30
SEND,2023-09-29
SEND,2023-12-15
SEND,2024-03-29
SEND,2024-09-27
SEND,2025-03-28
SEND,2025-09-26
SEND,2026-03-27
TMF,2024-09-27
